K,C,H,W,naive,winograd,winograd_openmp,winograd_gpu
1,3,512,512,0.00791788,0.0512021,0.027102,0.01192
2,3,512,512,0.015388,0.0825222,0.0476949,0.0133002
4,3,512,512,0.031877,0.147283,0.0447161,0.015615
8,3,512,512,0.061506,0.261967,0.0833111,0.020169
16,3,512,512,0.123181,0.479289,0.156642,0.034024
32,3,512,512,0.25182,1.08571,0.329368,0.062036
64,3,512,512,0.49201,1.95856,0.614303,0.122776
128,3,512,512,0.986666,3.91966,1.14406,0.245211
