K,C,H,W,naive,winograd,winograd_openmp,winograd_gpu
64,3,4,4,1.00136e-05,0.000151873,0.00636411,0.00048399
64,3,8,8,7.51019e-05,0.000305176,0.00623989,0.00050211
64,3,16,16,0.000398874,0.0010922,0.0279808,0.000527859
64,3,32,32,0.00161004,0.00435901,0.0228112,0.000645876
64,3,64,64,0.00660086,0.025116,0.0105591,0.00191402
64,3,128,128,0.0274169,0.123119,0.0696111,0.00697517
64,3,256,256,0.122086,0.50026,0.1525,0.0292611
64,3,512,512,0.497802,2.00566,0.628053,0.122845
