K,C,H,W,naive,winograd,winograd_openmp,winograd_gpu
64,1,512,512,0.164887,1.94733,0.606739,0.100943
64,2,512,512,0.332735,1.96536,0.595812,0.106109
64,4,512,512,0.660064,1.98439,0.61827,0.130025
64,8,512,512,1.3331,2.08099,0.695107,0.180359
64,16,512,512,2.634,2.2717,0.738316,0.307934
64,32,512,512,5.24928,2.60492,0.888176,0.796263
